Provinsi/Kabupaten/Kota/Indonesia;Angka Harapan Hidup (AHH) Menurut Kabupaten/Kota dan Jenis Kelamin (Tahun);;
;Laki-laki;Perempuan;Total 
;2024;2024;2024
JAWA TIMUR;70,39;74,4;144,79
Pacitan;71,03;75,15;146,18
Ponorogo;71,52;76,11;147,63
Trenggalek;73,04;76,72;149,76
Tulungagung;73,34;77,03;150,37
Blitar;72,76;76,46;149,22
Kediri;71,31;75,74;147,05
Malang;71,3;75,71;147,01
Lumajang;69,21;73,17;142,38
Jember;68,28;72,22;140,5
Banyuwangi;69,63;73,6;143,23
Bondowoso;65,82;69,8;135,62
Situbondo;68,19;72,13;140,32
Probolinggo;66,34;70,32;136,66
Pasuruan;69,07;73,02;142,09
Sidoarjo;73,09;76,78;149,87
Mojokerto;71,29;75,7;146,99
Jombang;71,28;75,67;146,95
Nganjuk;70,51;74,53;145,04
Madiun;70,51;74,53;145,04
Magetan;71,32;75,76;147,08
Ngawi;71,26;75,63;146,89
Bojonegoro;70,79;74,82;145,61
Tuban;70,58;74,6;145,18
Lamongan;71,27;75,66;146,93
Gresik;71,33;75,78;147,11
Bangkalan;69,04;72,99;142,03
Sampang;66,88;70,85;137,73
Pamekasan;66,54;70,52;137,06
Sumenep;70,69;74,72;145,41
Kota Kediri;73,06;76,76;149,82
Kota Blitar;73,05;76,75;149,8
Kota Malang;72,48;76,19;148,67
Kota Probolinggo;69,24;73,21;142,45
Kota Pasuruan;70,54;74,56;145,1
Kota Mojokerto;72,45;76,17;148,62
Kota Madiun;71,43;75,98;147,41
Kota Surabaya;73,19;76,86;150,05
Kota Batu;71,32;75,76;147,08
;;;
Catatan;<br /><br /><br /><br /><br /><br /><br /><br /><br /><br /><br /><br /><br /><br /><br /><br /><br /><br /><br /><br /><br /><br /><br /><br /><br /><br /><br /><br /><br /><br /><br />- Salah satu variabel pembentuk Indeks Pembangunan Gender (IPG);<br />- Tahun 2016 hanya level provinsi<br /><br /><br /><br /><br /><br /><br /><br /><br /><br /><br /><br /><br /><br /><br /><br /><br /><br /><br /><br /><br /><br /><br /><br /><br /><br /><br /><br /><br /><br /><br /><br />;
