Provinsi/Kabupaten/Kota;Garis Kemiskinan Menurut Kabupaten/Kota (Rupiah/kapita/bulan)
Kota Subulussalam;504372
JAWA TIMUR;536122
Pacitan;370643
Ponorogo;413619
Trenggalek;434146
Tulungagung;447793
Blitar;408399
Kediri;403621
Malang;420334
Lumajang;405136
Jember;459043
Banyuwangi;470713
Bondowoso;517741
Situbondo;413611
Probolinggo;537724
Pasuruan;450088
Sidoarjo;597284
Mojokerto;508618
Jombang;514170
Nganjuk;539714
Madiun;460205
Magetan;455119
Ngawi;445865
Bojonegoro;471457
Tuban;488131
Lamongan;524636
Gresik;608828
Bangkalan;547017
Sampang;491753
Pamekasan;467493
Sumenep;506569
Kota Kediri;621051
Kota Blitar;596105
Kota Malang;706341
Kota Probolinggo;654409
Kota Pasuruan;554195
Kota Mojokerto;610968
Kota Madiun;637838
Kota Surabaya;742678
Kota Batu;642778
