Provinsi/Kabupaten/Kota/Indonesia;[Metode Baru] Harapan Lama Sekolah (Tahun)
;2024
JAWA TIMUR;13,43
Pacitan;12,69
Ponorogo;13,78
Trenggalek;12,63
Tulungagung;13,36
Blitar;12,67
Kediri;13,63
Malang;13,49
Lumajang;12,41
Jember;13,5
Banyuwangi;13,14
Bondowoso;13,33
Situbondo;13,2
Probolinggo;12,64
Pasuruan;12,78
Sidoarjo;15,22
Mojokerto;12,99
Jombang;13,61
Nganjuk;13,18
Madiun;13,27
Magetan;14,08
Ngawi;12,89
Bojonegoro;13,18
Tuban;12,54
Lamongan;14,03
Gresik;13,98
Bangkalan;11,98
Sampang;12,55
Pamekasan;13,69
Sumenep;13,59
Kota Kediri;15,71
Kota Blitar;14,81
Kota Malang;15,79
Kota Probolinggo;13,98
Kota Pasuruan;13,67
Kota Mojokerto;14,13
Kota Madiun;14,54
Kota Surabaya;14,87
Kota Batu;14,58
