Provinsi/Kabupaten/Kota;Indeks Keparahan Kemiskinan (P2) Menurut Kabupaten/Kota
;2024
JAWA TIMUR;0,31
Pacitan;0,25
Ponorogo;0,17
Trenggalek;0,28
Tulungagung;0,1
Blitar;0,12
Kediri;0,24
Malang;0,16
Lumajang;0,26
Jember;0,18
Banyuwangi;0,06
Bondowoso;0,28
Situbondo;0,18
Probolinggo;0,6
Pasuruan;0,21
Sidoarjo;0,18
Mojokerto;0,19
Jombang;0,17
Nganjuk;0,18
Madiun;0,25
Magetan;0,2
Ngawi;0,61
Bojonegoro;0,48
Tuban;0,39
Lamongan;0,44
Gresik;0,33
Bangkalan;0,39
Sampang;0,57
Pamekasan;0,14
Sumenep;1,53
Kota Kediri;0,25
Kota Blitar;0,24
Kota Malang;0,08
Kota Probolinggo;0,21
Kota Pasuruan;0,12
Kota Mojokerto;0,13
Kota Madiun;0,09
Kota Surabaya;0,16
Kota Batu;0,09
