Provinsi/Kabupaten/Kota;Indeks Kedalaman Kemiskinan (P1) Menurut Kabupaten/Kota
;2024
JAWA TIMUR;1,48
Pacitan;1,49
Ponorogo;1,02
Trenggalek;1,43
Tulungagung;0,6
Blitar;0,8
Kediri;1,22
Malang;0,98
Lumajang;1,23
Jember;1,01
Banyuwangi;0,44
Bondowoso;1,51
Situbondo;1,19
Probolinggo;2,63
Pasuruan;1,09
Sidoarjo;0,64
Mojokerto;1,01
Jombang;0,9
Nganjuk;1,04
Madiun;1,4
Magetan;1,09
Ngawi;2,22
Bojonegoro;1,99
Tuban;1,95
Lamongan;1,88
Gresik;1,58
Bangkalan;2,03
Sampang;2,86
Pamekasan;1,05
Sumenep;4,19
Kota Kediri;1,02
Kota Blitar;1,06
Kota Malang;0,42
Kota Probolinggo;0,98
Kota Pasuruan;0,7
Kota Mojokerto;0,74
Kota Madiun;0,56
Kota Surabaya;0,65
Kota Batu;0,46
