Provinsi/Kabupaten/Kota/Indonesia;[Metode Baru] Indeks Pembangunan Manusia (IPM)
;2024
JAWA TIMUR;74,09
Pacitan;70,74
Ponorogo;73,01
Trenggalek;72,24
Tulungagung;75,09
Blitar;73,09
Kediri;74,44
Malang;72,68
Lumajang;68,8
Jember;69,15
Banyuwangi;73,11
Bondowoso;68,65
Situbondo;69,75
Probolinggo;68,29
Pasuruan;70,73
Sidoarjo;82,31
Mojokerto;75,98
Jombang;75,1
Nganjuk;74,23
Madiun;73,74
Magetan;75,87
Ngawi;73,09
Bojonegoro;71,78
Tuban;71,23
Lamongan;75,13
Gresik;78,45
Bangkalan;66,27
Sampang;64,65
Pamekasan;68,49
Sumenep;69,26
Kota Kediri;81,35
Kota Blitar;81,27
Kota Malang;84,06
Kota Probolinggo;76,27
Kota Pasuruan;77,75
Kota Mojokerto;80,92
Kota Madiun;83,48
Kota Surabaya;84,14
Kota Batu;78,79
