Provinsi/Kabupaten/Kota/Indonesia;[Metode Baru] Pengeluaran per Kapita Disesuaikan (Ribu Rupiah/Orang/Tahun)
;2024
JAWA TIMUR;12852
Pacitan;10099
Ponorogo;11065
Trenggalek;10872
Tulungagung;11966
Blitar;12020
Kediri;12388
Malang;11190
Lumajang;10124
Jember;10700
Banyuwangi;13320
Bondowoso;11689
Situbondo;11216
Probolinggo;12258
Pasuruan;11617
Sidoarjo;15710
Mojokerto;13903
Jombang;12454
Nganjuk;13376
Madiun;12668
Magetan;12915
Ngawi;12414
Bojonegoro;11204
Tuban;11579
Lamongan;12419
Gresik;14356
Bangkalan;9841
Sampang;9782
Pamekasan;9811
Sumenep;10156
Kota Kediri;13670
Kota Blitar;14933
Kota Malang;17791
Kota Probolinggo;13405
Kota Pasuruan;14664
Kota Mojokerto;14842
Kota Madiun;17518
Kota Surabaya;19666
Kota Batu;14253
