Kabupaten/Kota;Persentase Rumah Tangga yang Memiliki Akses terhadap Sumber Air Minum Layak menurut Kabupaten/Kota (Persen)
;2024
JAWA TIMUR;96,93
Pacitan;84,35
Ponorogo;95,57
Trenggalek;81,47
Tulungagung;98,62
Blitar;98,66
Kediri;96,72
Malang;97,94
Lumajang;97,31
Jember;95,3
Banyuwangi;97,06
Bondowoso;96,54
Situbondo;95,17
Probolinggo;96,9
Pasuruan;98,62
Sidoarjo;98,07
Mojokerto;97,46
Jombang;98,76
Nganjuk;99,71
Madiun;97,55
Magetan;98,56
Ngawi;97,07
Bojonegoro;96,13
Tuban;96,96
Lamongan;84,6
Gresik;97,65
Bangkalan;98
Sampang;97,66
Pamekasan;96,98
Sumenep;99,41
Kota Kediri;99,73
Kota Blitar;99,6
Kota Malang;99,48
Kota Probolinggo;100
Kota Pasuruan;99,94
Kota Mojokerto;99,77
Kota Madiun;100
Kota Surabaya;100
Kota Batu;98,27
