Kabupaten/Kota;Persentase rumah tangga yang memiliki akses terhadap sanitasi layak menurut kabupaten/kota 
;2024
JAWA TIMUR ;85,56
Pacitan;81,26
Ponorogo;92,57
Trenggalek;84,66
Tulungagung;87,76
Blitar;86,16
Kediri;94,94
Malang;86,74
Lumajang;82,45
Jember;67,46
Banyuwangi;86,22
Bondowoso;62,1
Situbondo;62,66
Probolinggo;66,39
Pasuruan;86,36
Sidoarjo;97,95
Mojokerto;91,14
Jombang;96,13
Nganjuk;90,96
Madiun;91,47
Magetan;89,99
Ngawi;82,99
Bojonegoro;96,43
Tuban;85,12
Lamongan;95,88
Gresik;93,22
Bangkalan;50,31
Sampang;87,24
Pamekasan;72,94
Sumenep;73,31
Kota Kediri;95,39
Kota Blitar;95,93
Kota Malang;87,84
Kota Probolinggo;91,59
Kota Pasuruan;95,52
Kota Mojokerto;98,56
Kota Madiun;95,19
Kota Surabaya;97,69
Kota Batu;96,39
