Kelompok Komoditas (Commodity Group);Perkotaan (Urban);Perdesaan (Rural);Perkotaan dan Perdesaan (Urban and Rural)
Makanan/Food;;;
Padi-padian/Cereals;81931;89855;85329
Umbi-umbian/Tubers;7676;6571;7202
Ikan/udang/cumi/kerang;46839;37829;42976
Daging/Meat;41023;32026;37166
Telur dan susu/Eggs and milk;42950;29352;37120
Sayur-sayuran/Vegetables;48321;45274;47015
Kacang-kacangan/Legumes;21209;18707;20136
Buah-buahan/Fruits;42898;35051;39534
Minyak dan kelapa/Oil and coconut;19768;20164;19937
Bahan minuman/Beverages stuffs;21601;22644;22048
Bumbu-bumbuan/Spices;16057;14399;15346
Konsumsi lainnya;11405;12262;11772
Makanan dan minuman jadi/Prepared food and beverages;252057;196129;228080
Rokok/Cigarettes;76187;83106;79153
Jumlah makanan/Total food;729922;643367;692814
Bukan makanan/Non-food;;;
Perumahan dan fasilitas rumah tangga/Housing and household facilities;393023;243609;328966
Aneka Barang dan jasa/Goods and services;220264;114002;174707
Pakaian, alas kaki, dan tutup kepala/Clothing, footwear, and headgear;32708;24909;29365
Barang tahan lama/Durable goods;86189;47177;69464
Pajak, pungutan, dan asuransi/Taxes and insurance;63842;38357;52916
Keperluan pesta dan upacara/kenduri/Parties and ceremonies;26449;33068;29287
Jumlah bukan makanan/Total non-food;822476;501122;684706
Jumlah/Total;1552399;1144489;1377520
