Provinsi/Kabupaten/Kota/Indonesia;[Metode Baru] Rata-rata Lama Sekolah (Tahun)
;2024
JAWA TIMUR;8,28
Pacitan;7,9
Ponorogo;7,8
Trenggalek;7,92
Tulungagung;8,68
Blitar;7,87
Kediri;8,26
Malang;7,8
Lumajang;7,27
Jember;6,54
Banyuwangi;7,78
Bondowoso;6,53
Situbondo;6,93
Probolinggo;6,31
Pasuruan;7,46
Sidoarjo;10,91
Mojokerto;9,13
Jombang;8,78
Nganjuk;8,25
Madiun;8,2
Magetan;8,69
Ngawi;7,84
Bojonegoro;7,59
Tuban;7,53
Lamongan;8,48
Gresik;10,03
Bangkalan;6,01
Sampang;5,08
Pamekasan;7,17
Sumenep;6,1
Kota Kediri;10,92
Kota Blitar;10,82
Kota Malang;11,14
Kota Probolinggo;9,72
Kota Pasuruan;9,94
Kota Mojokerto;11,38
Kota Madiun;12,11
Kota Surabaya;10,89
Kota Batu;9,87
